[
    {
        "id": "1",
        "name": "Skoda Fabia",
        "price": "18",
        "img": "img/goods/skoda-fabia.jpg",
        "feature": "img/goods/Picture1.png"
    },
    {
        "id": "2",
        "name": "Hyundai Accent",
        "price": "22",
        "img": "img/goods/hyundai-accent.jpg",
        "feature": "img/goods/Picture2.png"
    },
    {
        "id": "3",
        "name": "Suzuki Vitara",
        "price": "18",
        "img": "img/goods/grand-vitara.jpg",
        "feature": "Picture3.png"
    },
    {
        "id": "4",
        "name": "Citroen C-Elysee",
        "price": "24",
        "img": "img/goods/citroen-elyssee.jpg",
        "feature": "img/goods/Picture4.png"
    },
    {
        "id": "5",
        "name": "Hyundai Elantra 2019",
        "price": "24",
        "img": "img/goods/2019-hyundai-elantra.jpg",
        "feature": "img/goods/Picture5.png"
    }
]